{
  "categories": [
    {
      "id": 0,
      "name": "bispo-branco"
    },
    {
      "id": 1,
      "name": "bispo-preto"
    },
    {
      "id": 2,
      "name": "cavalo-branco"
    },
    {
      "id": 3,
      "name": "cavalo-preto"
    },
    {
      "id": 4,
      "name": "dama-branco"
    },
    {
      "id": 5,
      "name": "dama-preto"
    },
    {
      "id": 6,
      "name": "peao-branco"
    },
    {
      "id": 7,
      "name": "peao-preto"
    },
    {
      "id": 8,
      "name": "rei-branco"
    },
    {
      "id": 9,
      "name": "rei-preto"
    },
    {
      "id": 10,
      "name": "torre-branco"
    },
    {
      "id": 11,
      "name": "torre-preto"
    }
  ],
  "info": {
    "year": 2025,
    "version": "1.0",
    "contributor": "Label Studio"
  }
}